EPIC,CAMPAIGN,KP(mag),Abs_Mk,e_Abs_Mk,Radius(Rsun),e_Radius(Rsun),Mass(Msun),e_Mass(Sun),Teff(K),e_Teff(K),log(Luminosity(Lsun)),err_log(Luminosity(Lsun)),dist(pc),e_dist(pc),SpT
202059183,C0,"13,3","5,94","0,12","0,45","0,02","0,47","0,02",3503,84,"-1,53","0,05",41,"2,2",M2.5
202059188,C0,"14,7","7,33","0,09","0,27","0,01","0,27","0,01",3179,81,"-2,14","0,04","22,1","0,9",M4.5
202059190,C0,"12,9","4,4","0,04","0,73","0,02","0,73","0,01",4069,81,"-0,83","0,02","90,7",2,K7.0
202059192,C0,"13,1","5,26","0,05","0,56","0,02","0,59","0,01",3713,81,"-1,23","0,03","60,1","1,5",M1.0
202059193,C0,"12,5","4,93","0,06","0,63","0,02","0,65","0,02",3834,82,"-1,08","0,03","57,1","1,7",M0.0
202059195,C0,"14,7",7,"0,1","0,31","0,02","0,31","0,01",3312,82,"-1,99","0,04",26,"1,2",M4.0
202059197,C0,"12,3","4,64","0,04","0,68","0,02","0,69","0,01",3964,81,"-0,95","0,02","64,1","1,4",M0.0
202059198,C0,"11,6","5,31","0,1","0,56","0,02","0,58","0,02",3727,99,"-1,25","0,04","29,3","1,4",M1.0
202059199,C0,"12,6","5,93","0,05","0,46","0,02","0,48","0,01",3539,84,"-1,53","0,03","28,8","0,8",M2.5
202059203,C0,"14,1","6,54","0,06","0,37","0,01","0,38","0,01",3418,80,"-1,79","0,03","28,5","0,9",M3.0
202059204,C0,"11,8","5,39","0,09","0,54","0,02","0,57","0,02",3726,94,"-1,29","0,04","29,6","1,3",M1.5
202059207,C0,"12,3","4,52","0,05","0,7","0,02","0,72","0,02",4019,82,"-0,89","0,02","69,4","1,7",K7.0
202059208,C0,"12,2","5,1","0,07","0,59","0,02","0,62","0,02",3812,83,"-1,16","0,03","43,8","1,5",M0.5
202059210,C0,"11,9","4,81","0,07","0,65","0,02","0,67","0,02",3926,84,"-1,02","0,03","46,4","1,6",M0.0
202059215,C0,13,"5,16","0,06","0,58","0,02","0,61","0,02",3773,82,"-1,18","0,03","60,8","1,8",M0.5
202059221,C0,"12,2","6,01","0,07","0,44","0,02","0,46","0,01",3499,86,"-1,56","0,03","19,2","0,7",M2.5
202059222,C0,"14,2","6,76","0,05","0,34","0,01","0,35","0,01",3308,79,"-1,89","0,02","26,3","0,6",M3.5
202059223,C0,"14,3","7,04","0,06","0,31","0,01","0,31","0,01",3288,80,"-2,01","0,03","21,2","0,7",M4.0
202059224,C0,"13,4","6,05","0,07","0,44","0,02","0,46","0,01",3478,81,"-1,58","0,03","32,8","1,2",M2.5
202059229,C0,"11,6","5,3","0,05","0,56","0,02","0,58","0,01",3689,82,"-1,24","0,03","22,9","0,6",M1.0
202059231,C0,"13,5","6,06","0,09","0,43","0,02","0,45","0,02",3527,83,"-1,59","0,04","30,4","1,3",M2.5
202059243,C0,"12,3","4,94","0,09","0,62","0,02","0,64","0,02",3828,86,"-1,09","0,04",54,"2,2",M0.5
201237257,C1,"10,59","4,88","0,06","0,63","0,02","0,65","0,02",3866,87,"-1,06","0,03","33,9",1,M0.0
201323410,C1,"12,34","6,39","0,06","0,39","0,01","0,4","0,01",3412,80,"-1,73","0,03","28,8","0,9",M3.0
201364753,C1,"11,46","4,9","0,07","0,63","0,02","0,65","0,02",3853,87,"-1,06","0,03","49,4","1,7",M0.0
201367065,C1,"11,57","4,72","0,06","0,67","0,02","0,68","0,02",3914,87,"-0,98","0,03","58,7","1,6",M0.0
201460770,C1,"11,58","5,18","0,04","0,58","0,02","0,6","0,01",3768,82,"-1,19","0,02","43,8",1,M1.0
201481218,C1,"9,62","4,88","0,09","0,63","0,03","0,65","0,02",3875,89,"-1,06","0,04","22,3",1,M0.0
201482319,C1,"12,11","7,18","0,1","0,29","0,01","0,29","0,01",3252,91,"-2,07","0,04","15,3","0,8",M4.0
201497866,C1,"12,27","5,96","0,08","0,45","0,02","0,47","0,02",3549,87,"-1,54","0,04","37,6","1,5",M2.5
201498184,C1,"12,38","6,15","0,11","0,42","0,02","0,44","0,02",3479,84,"-1,62","0,05","34,6","1,7",M2.5
201506253,C1,"11,37","5,03","0,06","0,61","0,02","0,63","0,02",3816,85,"-1,12","0,03",45,"1,3",M0.5
201518346,C1,"9,78","7,58","0,07","0,25","0,01","0,24","0,01",3152,80,"-2,25","0,03","4,1","0,1",M5.0
201568682,C1,"11,63","4,61","0,06","0,69","0,02","0,7","0,02",4012,86,"-0,93","0,03","64,1","1,9",K7.0
201597919,C1,"12,62","6,47","0,05","0,38","0,01","0,39","0,01",3389,80,"-1,76","0,03","31,4","0,8",M3.0
201611969,C1,"11,55","5,82","0,04","0,47","0,02","0,49","0,01",3552,81,"-1,48","0,02","29,8","0,7",M2.0
201675315,C1,"10,91","4,73","0,06","0,66","0,02","0,68","0,02",3900,84,"-0,99","0,03","45,2","1,3",M0.0
201717312,C1,"12,1","5,74","0,07","0,48","0,02","0,51","0,02",3542,83,"-1,44","0,03","39,8","1,4",M2.0
201717791,C1,"10,94","4,86","0,06","0,64","0,02","0,66","0,02",3873,90,"-1,05","0,03","41,1","1,3",M0.0
201718613,C1,"11,41","7,01","0,06","0,31","0,01","0,31","0,01",3261,89,-2,"0,03","12,7","0,4",M4.0
201719115,C1,"11,91","5,42","0,08","0,54","0,02","0,56","0,02",3643,85,"-1,3","0,04","45,4","1,8",M1.5
201719818,C1,"9,98","4,73","0,07","0,66","0,02","0,68","0,02",3937,87,"-0,99","0,03","28,3",1,M0.0
201779048,C1,"10,78","4,66","0,06","0,68","0,02","0,69","0,02",3954,86,"-0,95","0,03","43,9","1,3",M0.0
201806997,C1,"11,74","4,43","0,1","0,72","0,03","0,73","0,02",4038,92,"-0,85","0,04","79,8","3,8",K7.0
201842163,C1,"12,03","6,07","0,05","0,43","0,01","0,45","0,01",3574,82,"-1,59","0,02","30,4","0,7",M2.5
201867138,C1,"12,14","5,27","0,05","0,56","0,02","0,59","0,01",3743,81,"-1,23","0,03","54,5","1,5",M1.0
201909533,C1,"11,49","6,05","0,09","0,44","0,02","0,46","0,02",3549,88,"-1,58","0,04","23,3","1,1",M2.5
201912552,C1,"12,47","6,24","0,09","0,41","0,02","0,43","0,02",3471,85,"-1,66","0,04","34,1","1,5",M3.0
201917390,C1,"12,47","6,9","0,12","0,32","0,02","0,33","0,02",3308,82,"-1,95","0,05","21,8","1,2",M4.0
202571062,C2,"9,41","4,26","0,05","0,76","0,02","0,76","0,02",4110,84,"-0,77","0,02","31,8","0,8",K7.0
202748218,C2,"11,81","6,63","0,09","0,36","0,02","0,37","0,01",3340,83,"-1,83","0,04","19,8","0,9",M3.5
203083752,C2,"11,76","7,26","0,05","0,28","0,01","0,28","0,01",3182,79,"-2,11","0,03","22,3","0,6",M4.5
203099398,C2,"10,63","4,82","0,04","0,65","0,02","0,66","0,01",3862,84,"-1,03","0,02","36,6","0,8",M0.0
203124214,C2,"10,34","4,49","0,05","0,71","0,02","0,72","0,02",4033,90,"-0,88","0,03","39,8","1,1",K7.0
203354308,C2,"10,5","4,96","1,52","0,62","0,29","0,64","0,21",3819,918,"-1,09","0,62","27,8","19,5",M0.5
203740889,C2,"12,51","6,53","0,27","0,37","0,04","0,38","0,04",3379,100,"-1,79","0,11","23,9","2,9",M3.0
203846654,C2,"9,45","4,99","0,04","0,61","0,02","0,64","0,01",3850,84,"-1,11","0,02","19,1","0,4",M0.5
203869467,C2,"10,69","4,68","0,04","0,67","0,02","0,69","0,01",3950,84,"-0,97","0,02","39,1","0,9",M0.0
203881088,C2,"12,26","5,88","0,05","0,46","0,02","0,48","0,01",3511,81,"-1,51","0,02",40,"0,9",M2.5
204080947,C2,"12,47","5,23","0,04","0,57","0,02","0,59","0,01",3725,80,"-1,21","0,02","53,9","1,2",M1.0
204536344,C2,"9,72","4,78","0,11","0,65","0,03","0,67","0,02",3899,92,"-1,01","0,05","24,5","1,2",M0.0
204610472,C2,"12,07","5,62","0,07","0,5","0,02","0,53","0,02",3611,83,"-1,39","0,03","46,8","1,6",M2.0
204927969,C2,"11,7","7,14","0,1","0,3","0,01","0,3","0,01",3257,86,"-2,05","0,04","18,7","0,9",M4.0
204957517,C2,"12,47","7,32","0,05","0,27","0,01","0,27","0,01",3240,83,"-2,13","0,02","16,6","0,5",M4.5
204963027,C2,11,"5,31","1,52","0,56","0,27","0,58","0,22",3719,792,"-1,25","0,62","31,1","21,8",M1.0
204976998,C2,"10,34","4,81","0,04","0,65","0,02","0,67","0,01",3929,85,"-1,02","0,02","29,7","0,7",M0.0
204994054,C2,"11,36","4,92","0,04","0,63","0,02","0,65","0,01",3894,81,"-1,07","0,02","43,7",1,M0.0
205030726,C2,"11,18","5,72","0,06","0,49","0,02","0,51","0,01",3576,91,"-1,43","0,03","25,9","0,8",M2.0
205040974,C2,"11,31","5,78","0,06","0,48","0,02","0,5","0,01",3585,85,"-1,46","0,03","26,2","0,7",M2.0
205182959,C2,"12,42","5,73","0,08","0,49","0,02","0,51","0,02",3584,83,"-1,44","0,04","46,5","1,8",M2.0
205196227,C2,"11,53","4,95","0,06","0,62","0,02","0,64","0,01",3899,87,"-1,09","0,03","50,4","1,4",M0.5
205339436,C2,"12,8","6,91","0,05","0,32","0,01","0,33","0,01",3295,81,"-1,95","0,02","25,2","0,6",M4.0
205467732,C2,"12,93","7,85","0,05","0,22","0,01","0,22","0,01",3095,81,"-2,36","0,02","14,7","0,4",M5.0
205489894,C2,"12,34","5,77","0,04","0,48","0,02","0,5","0,01",3589,80,"-1,45","0,02","43,6",1,M2.0
205507325,C2,"12,45","6,12","0,07","0,43","0,02","0,45","0,01",3468,81,"-1,61","0,03","36,5","1,3",M2.5
205536237,C2,"9,97","5,11","0,06","0,59","0,02","0,62","0,01",3800,84,"-1,16","0,03","22,1","0,6",M0.5
205599283,C2,"11,49","4,47","0,05","0,71","0,02","0,72","0,02",4054,86,"-0,87","0,03","65,4","1,8",K7.0
205631193,C2,"11,62","5,17","0,04","0,58","0,02","0,61","0,01",3802,90,"-1,19","0,02","39,9","0,9",M1.0
205913009,C3,"12,25","7,75","0,06","0,23","0,01","0,23","0,01",3103,87,"-2,32","0,03","11,8","0,3",M5.0
205952383,C3,"11,1","4,44","0,06","0,72","0,02","0,73","0,02",4069,85,"-0,85","0,03",60,"1,8",K7.0
206007536,C3,"10,86","4,48","0,06","0,71","0,02","0,72","0,02",4047,85,"-0,87","0,03",52,"1,5",K7.0
206019392,C3,"8,38","7,05","0,06","0,31","0,01","0,31","0,01",3273,86,"-2,01","0,03","3,9","0,1",M4.0
206054454,C3,12,"5,9","0,07","0,46","0,02","0,48","0,01",3552,86,"-1,51","0,03","33,9","1,2",M2.5
206055065,C3,"10,88","4,17","0,05","0,78","0,02","0,77","0,02",4168,86,"-0,73","0,02","65,6","1,8",K6.0
206056832,C3,"11,95","4,54","0,07","0,7","0,02","0,71","0,02",4028,86,"-0,9","0,03","81,7","2,7",K7.0
206107346,C3,"9,88","4,95","0,05","0,62","0,02","0,64","0,01",3828,84,"-1,09","0,03","19,5","0,6",M0.5
206181550,C3,"12,1","5,56","0,09","0,51","0,02","0,54","0,02",3679,83,"-1,36","0,04",43,"1,8",M1.5
206208968,C3,"10,78","6,4","0,08","0,39","0,02","0,4","0,01",3400,81,"-1,73","0,04",18,"0,7",M3.0
206249569,C3,"12,6","6,34","0,05","0,39","0,01","0,41","0,01",3407,81,"-1,71","0,02","32,7","0,8",M3.0
206262223,C3,"12,03","6,39","0,07","0,39","0,01","0,4","0,01",3430,84,"-1,73","0,03","26,8","0,9",M3.0
206262336,C3,"12,03","7,06","0,06","0,3","0,01","0,31","0,01",3237,88,"-2,02","0,03","16,6","0,5",M4.0
206288689,C3,"11,96","6,27","0,07","0,41","0,02","0,42","0,01",3486,86,"-1,68","0,03","26,3","0,9",M3.0
206349327,C3,"12,47","5,94","0,09","0,45","0,02","0,47","0,02",3556,82,"-1,53","0,04","39,7","1,6",M2.5
206368165,C3,"12,49","5,88","0,06","0,46","0,02","0,48","0,01",3451,83,"-1,5","0,03","45,2","1,3",M2.0
206435478,C3,"11,54","4,81","0,04","0,65","0,02","0,67","0,01",3894,82,"-1,03","0,02","46,8","1,1",M0.0
206479389,C3,12,"5,55","0,14","0,52","0,03","0,54","0,03",3651,88,"-1,36","0,06","43,6","2,8",M1.5
206490189,C3,"12,52","6,14","0,05","0,42","0,01","0,44","0,01",3471,81,"-1,62","0,02","27,7","0,8",M2.5
210317378,C4,"12,72","6,52","0,08","0,37","0,01","0,38","0,01",3404,82,"-1,78","0,03","31,5","1,1",M3.0
210340480,C4,"11,58","5,14","0,05","0,59","0,02","0,61","0,01",3752,82,"-1,17","0,03",46,"1,3",M0.5
210360545,C4,"12,95","7,46","0,34","0,26","0,04","0,26","0,04",3189,103,"-2,19","0,14","19,2",3,M4.5
210393283,C4,"12,1","5,39","0,12","0,54","0,03","0,57","0,02",3657,86,"-1,29","0,05","50,5","2,7",M1.5
210408563,C4,"11,78","5,32","0,04","0,55","0,02","0,58","0,01",3748,80,"-1,26","0,02","43,8",1,M1.0
210434433,C4,"12,14","6,36","0,06","0,39","0,01","0,41","0,01",3447,82,"-1,71","0,03","25,1","0,8",M3.0
210434769,C4,"10,27","4,71","0,07","0,67","0,02","0,68","0,02",3978,87,"-0,98","0,03","31,3","1,1",M0.0
210434976,C4,"12,66","7,45","0,06","0,26","0,01","0,26","0,01",3264,80,"-2,19","0,03","16,8","0,5",M4.5
210439387,C4,"12,04","5,39","0,05","0,54","0,02","0,57","0,01",3698,80,"-1,29","0,03","47,4","1,2",M1.5
210460280,C4,"11,2","5,32","0,06","0,55","0,02","0,58","0,01",3752,81,"-1,26","0,03",33,1,M1.0
210466658,C4,"10,45","4,43","0,06","0,72","0,02","0,73","0,02",4031,85,"-0,85","0,03","43,7","1,3",K7.0
210486424,C4,"12,26","6,24","0,05","0,41","0,01","0,43","0,01",3430,80,"-1,66","0,03","31,3","0,8",M3.0
210489654,C4,"12,62","7,24","0,05","0,28","0,01","0,28","0,01",3235,81,"-2,1","0,03",19,"0,5",M4.5
210497694,C4,"12,3","5,27","0,22","0,56","0,04","0,59","0,04",3673,105,"-1,23","0,09","60,2","6,1",M1.0
210500368,C4,"11,8","5,07","0,16","0,6","0,03","0,62","0,03",3776,96,"-1,14","0,07","53,2","3,9",M0.5
210500658,C4,"11,4","4,13","0,06","0,78","0,03","0,78","0,02",4142,88,"-0,71","0,03",84,"2,5",K6.0
210502828,C4,"11,15","4,57","0,1","0,69","0,03","0,71","0,02",4012,91,"-0,92","0,04","53,9","2,5",K7.0
210535241,C4,"12,02",5,"0,04","0,61","0,02","0,63","0,01",3846,82,"-1,11","0,02","61,1","1,3",M0.5
210579749,C4,"9,98","5,53","0,09","0,52","0,02","0,54","0,02",3643,83,"-1,35","0,04","17,1","0,7",M1.5
210580056,C4,"9,3","5,01","0,12","0,61","0,03","0,63","0,02",3817,89,"-1,12","0,05","17,7",1,M0.5
210585703,C4,"11,61","5,26","0,06","0,56","0,02","0,59","0,02",3670,82,"-1,23","0,03","43,1","1,3",M1.0
210592074,C4,"11,44","4,37","0,07","0,74","0,03","0,74","0,02",4090,88,"-0,82","0,03",71,"2,5",K7.0
210613397,C4,"11,99","5,38","0,77","0,54","0,13","0,57","0,13",3728,281,"-1,28","0,31","48,8","17,3",M1.0
210693497,C4,"12,14","5,78","0,05","0,48","0,02","0,5","0,01",3584,80,"-1,46","0,03","38,9",1,M2.0
210707811,C4,"12,81","6,82","0,05","0,33","0,01","0,34","0,01",3325,80,"-1,92","0,02","27,2","0,6",M3.5
210757663,C4,"12,1","5,11","0,26","0,59","0,05","0,61","0,05",3768,120,"-1,16","0,11","59,3","7,3",M0.5
210778181,C4,"11,15","4,74","0,06","0,66","0,02","0,68","0,02",3904,96,"-0,99","0,03","50,5","1,4",M0.0
210941195,C4,"13,36","5,92","0,09","0,46","0,02","0,48","0,02",3541,84,"-1,52","0,04",36,"1,6",M2.5
211006744,C4,"13,27","4,91","0,1","0,63","0,03","0,65","0,02",3837,89,"-1,07","0,04","69,1","3,3",M0.0
211008819,C4,"10,1","4,87","0,14","0,63","0,03","0,66","0,03",3904,99,"-1,05","0,06","24,7","1,6",M0.0
211029843,C4,"12,71","5,65","0,07","0,5","0,02","0,52","0,02",3563,81,"-1,4","0,03","49,2","1,7",M2.0
211036776,C4,"12,8","5,85","0,08","0,47","0,02","0,49","0,02",3534,84,"-1,49","0,04","34,4","1,3",M2.0
211107998,C4,"13,02","6,1","0,1","0,43","0,02","0,45","0,02",3529,84,"-1,6","0,04","29,8","1,4",M2.5
211111803,C4,"11,97","5,15","0,04","0,58","0,02","0,61","0,01",3797,80,"-1,18","0,02","51,9","1,2",M0.5
211183696,C4,"11,56","6,49","0,15","0,38","0,02","0,39","0,02",3421,85,"-1,77","0,06","18,5","1,2",M3.0
212270936,C6,"12,16","5,24","0,04","0,57","0,02","0,59","0,01",3762,80,"-1,22","0,02","57,8","1,3",M1.0
212276489,C6,"11,89","5,11","0,06","0,59","0,02","0,62","0,02",3773,88,"-1,16","0,03","54,1","1,6",M0.5
212280999,C6,"12,46","6,22","0,09","0,41","0,02","0,43","0,02",3394,82,"-1,65","0,04",35,"1,5",M3.0
212285603,C6,"10,67","6,85","0,09","0,33","0,01","0,33","0,01",3290,87,"-1,93","0,04","10,2","0,5",M3.5
212318785,C6,"12,56","6,2","0,08","0,41","0,02","0,43","0,01",3502,81,"-1,65","0,03","36,3","1,3",M2.5
212323908,C6,"12,58","6,56","0,08","0,37","0,01","0,38","0,01",3374,80,"-1,8","0,03","30,2","1,1",M3.5
212329328,C6,"11,3","4,07","0,05","0,8","0,03","0,79","0,02",4253,87,"-0,68","0,03","85,8","2,5",K6.0
212422696,C6,13,"7,47","0,06","0,26","0,01","0,26","0,01",3150,81,"-2,2","0,03","20,1","0,6",M4.5
212557255,C6,"11,18","5,3","0,06","0,56","0,02","0,58","0,01",3731,85,"-1,25","0,03","34,2","1,1",M1.0
212647740,C6,"12,34","5,66","0,06","0,5","0,02","0,52","0,01",3613,81,"-1,41","0,03","46,6","1,4",M2.0
212663915,C6,"11,93","4,46","0,05","0,72","0,02","0,72","0,02",4052,86,"-0,86","0,03","86,7","2,5",K7.0
213817346,C7,"13,34","8,26","0,05","0,19","0,01","0,19",0,3034,81,"-2,54","0,02","12,8","0,3",M6.0
214089305,C7,"12,52","6,05","0,05","0,44","0,01","0,46","0,01",3495,80,"-1,58","0,02","41,3","0,9",M2.5
214269391,C7,"9,35","4,74","0,14","0,66","0,03","0,68","0,03",3901,101,"-0,99","0,06","19,4","1,3",M0.0
214787262,C7,"12,53","6,54","0,05","0,37","0,01","0,38","0,01",3382,80,"-1,8","0,02",29,"0,7",M3.0
215004972,C7,"11,32","4,57","0,05","0,69","0,02","0,71","0,02",3984,85,"-0,92","0,03","54,6","1,5",K7.0
215632123,C7,"8,45","6,97","0,05","0,31","0,01","0,32","0,01",3276,81,"-1,98","0,02","4,8","0,1",M4.0
215818496,C7,"11,02","6,4","0,05","0,39","0,01","0,4","0,01",3370,83,"-1,73","0,03","16,1","0,4",M3.0
215969058,C7,"11,58","5,59","0,07","0,51","0,02","0,53","0,02",3623,92,"-1,38","0,03","37,2","1,3",M1.5
216273315,C7,"12,39","5,43","0,04","0,54","0,02","0,56","0,01",3656,86,"-1,3","0,02","43,2",1,M1.5
216848322,C7,"11,98","5,18","0,05","0,58","0,02","0,6","0,01",3766,81,"-1,19","0,03","56,7","1,6",M1.0
216892056,C7,"12,5","5,92","0,04","0,46","0,01","0,48","0,01",3525,80,"-1,52","0,02","43,8","0,9",M2.5
218121888,C7,"12,04","7,32","0,05","0,27","0,01","0,27","0,01",3184,79,"-2,13","0,02","22,6","0,5",M4.5
218790299,C7,"10,72","4,5","0,08","0,71","0,03","0,72","0,02",4081,95,"-0,88","0,04","43,5","1,7",K7.0
219448194,C7,"12,04","5,44","0,04","0,53","0,02","0,56","0,01",3696,82,"-1,31","0,02","48,1","1,1",M1.5
220209255,C8,"11,73","4,32","0,06","0,74","0,02","0,75","0,02",4168,86,"-0,8","0,03","83,5","2,5",K7.0
220215093,C8,"12,35","7,37","0,08","0,27","0,01","0,27","0,01",3329,84,"-2,15","0,04","15,4","0,6",M4.5
220237354,C8,"12,22","5,51","0,12","0,52","0,02","0,55","0,02",3693,86,"-1,34","0,05","47,5","2,6",M1.5
220256064,C8,"11,95","4,45","0,13","0,72","0,03","0,73","0,02",4072,100,"-0,86","0,05",84,"5,1",K7.0
220265960,C8,"12,78","7,2","0,19","0,29","0,02","0,29","0,02",3252,89,"-2,08","0,08","20,6","1,8",M4.0
220266256,C8,"11,85","4,66","0,09","0,68","0,03","0,69","0,02",3956,87,"-0,95","0,04","70,7","2,9",M0.0
220287795,C8,"12,05","5,07","0,06","0,6","0,02","0,62","0,01",3806,84,"-1,14","0,03","59,1","1,6",M0.5
220308656,C8,"12,54","6,08","0,13","0,43","0,02","0,45","0,02",3465,86,"-1,59","0,05","38,6","2,3",M2.5
220323325,C8,"11,48","5,21","0,07","0,57","0,02","0,6","0,02",3755,87,"-1,21","0,03","41,2","1,4",M1.0
220350328,C8,"11,13","4,31","0,07","0,75","0,03","0,75","0,02",4093,88,"-0,8","0,03","67,8","2,4",K7.0
220412416,C8,"11,88","4,73","0,07","0,66","0,02","0,68","0,02",3936,85,"-0,99","0,03","69,6","2,3",M0.0
220460555,C8,"11,63","4,03","0,06","0,81","0,03","0,79","0,02",4247,87,"-0,66","0,03","100,4","2,9",K6.0
220467322,C8,"11,05","4,76","0,09","0,66","0,03","0,67","0,02",3942,92,-1,"0,04","44,7",2,M0.0
220475592,C8,"11,95","5,81","0,09","0,47","0,02","0,5","0,02",3548,90,"-1,47","0,04","35,7","1,6",M2.0
220501313,C8,"11,14","4,87","0,04","0,64","0,02","0,66","0,01",3866,82,"-1,05","0,02","44,4",1,M0.0
220581451,C8,"13,06","7,61","0,05","0,25","0,01","0,24","0,01",3174,80,"-2,26","0,02","18,1","0,4",M5.0
220604532,C8,"12,74","7,54","0,07","0,25","0,01","0,25","0,01",3150,83,"-2,23","0,03","16,5","0,6",M4.5
220611593,C8,"12,16","4,72","0,08","0,66","0,02","0,68","0,02",3940,87,"-0,98","0,04","77,7",3,M0.0
220623047,C8,"12,09","5,44","0,06","0,53","0,02","0,56","0,01",3628,85,"-1,31","0,03","48,1","1,4",M1.5
220624740,C8,"11,68","5,94","0,05","0,45","0,01","0,47","0,01",3541,81,"-1,53","0,02","27,2","0,6",M2.5
220676900,C8,"11,63","5,43","0,2","0,54","0,04","0,56","0,04",3689,105,"-1,31","0,08","38,9","3,7",M1.5
220677352,C8,"11,28","5,35","0,18","0,55","0,03","0,57","0,03",3701,99,"-1,27","0,07","34,8","2,9",M1.0
220677738,C8,"12,18","5,84","0,06","0,47","0,02","0,49","0,01",3630,84,"-1,49","0,03",38,"1,1",M2.0
220706618,C8,"11,94","5,83","0,05","0,47","0,02","0,49","0,01",3595,82,"-1,48","0,03",34,"0,9",M2.0
220732658,C8,"11,88","5,14","0,65","0,59","0,12","0,61","0,11",3781,255,"-1,17","0,26","54,3","16,2",M0.5
201077482,C10,"11,22","5,09","0,06","0,59","0,02","0,62","0,02",3774,82,"-1,15","0,03","39,6","1,2",M0.5
201128047,C10,"12,38","5,4","0,05","0,54","0,02","0,57","0,01",3691,82,"-1,29","0,03","53,8","1,4",M1.5
201223580,C10,"12,23","5,46","0,07","0,53","0,02","0,55","0,02",3718,83,"-1,32","0,03","49,2","1,7",M1.5
201288384,C10,"10,75","4,65","0,06","0,68","0,02","0,69","0,02",3985,85,"-0,95","0,03","43,3","1,3",M0.0
201296234,C10,"12,07","4,74","0,11","0,66","0,03","0,68","0,02",3920,91,"-0,99","0,05","75,6","3,8",M0.0
201416151,C10,"10,62","4,62","0,07","0,68","0,02","0,7","0,02",3938,97,"-0,94","0,03","40,4","1,4",M0.0
201431768,C10,"10,62","4,88","0,04","0,63","0,02","0,65","0,01",3829,86,"-1,06","0,02","34,8","0,8",M0.0
201506654,C10,"12,11","8,47","0,07","0,18","0,01","0,17",0,3012,87,"-2,63","0,03","6,5","0,2",M6.0
201530621,C10,"12,39","5,91","0,19","0,46","0,03","0,48","0,03",3501,93,"-1,52","0,08","41,4","3,7",M2.5
201659529,C10,"12,13","6,57","0,05","0,36","0,01","0,38","0,01",3355,80,"-1,81","0,03","23,5","0,6",M3.5
228711280,C10,"12,76","6,62","0,21","0,36","0,03","0,37","0,03",3375,91,"-1,83","0,08","30,5","2,9",M3.5
228726301,C10,"12,86","6,78","0,08","0,34","0,01","0,34","0,01",3300,82,"-1,9","0,03","29,5","1,1",M3.5
228750455,C10,"11,93","4,54","0,09","0,7","0,03","0,71","0,02",4026,92,"-0,9","0,04","79,2","3,5",K7.0
228757142,C10,"11,08","5,37","0,06","0,55","0,02","0,57","0,01",3688,83,"-1,28","0,03","33,4",1,M1.0
228782343,C10,"11,68","4,34","0,05","0,74","0,02","0,74","0,02",4108,82,"-0,81","0,02","82,7","2,1",K7.0
228808502,C10,"12,51","6,87","0,1","0,33","0,02","0,33","0,02",3305,82,"-1,94","0,04","23,3","1,1",M3.5
228857363,C10,"11,68","6,26","0,06","0,41","0,01","0,42","0,01",3388,81,"-1,67","0,03","31,7","0,9",M3.0
228858734,C10,"12,35","6,97","0,05","0,31","0,01","0,32","0,01",3278,81,"-1,98","0,03","19,8","0,5",M4.0
228861595,C10,"11,8","4,96","0,06","0,62","0,02","0,64","0,02",3816,82,"-1,09","0,03","57,2","1,7",M0.5
228864582,C10,"12,88","7,34","0,16","0,27","0,02","0,27","0,02",3197,85,"-2,14","0,07","19,8","1,5",M4.5
228885036,C10,"10,74","4,66","0,06","0,68","0,02","0,69","0,02",3955,84,"-0,96","0,03","43,2","1,4",M0.0
228901441,C10,"11,64","6,76","0,08","0,34","0,01","0,35","0,01",3369,84,"-1,89","0,04","16,5","0,7",M3.5
228972691,C10,"12,4","6,83","0,06","0,33","0,01","0,34","0,01",3376,83,"-1,92","0,03","21,7","0,7",M3.5
228982481,C10,"11,78","4,66","0,09","0,68","0,03","0,69","0,02",3935,89,"-0,96","0,04","70,3","3,2",M0.0
228992431,C10,"12,45","5,58","0,07","0,51","0,02","0,53","0,02",3637,82,"-1,37","0,03","51,1","1,8",M1.5
229043460,C10,"12,12","5,34","0,07","0,55","0,02","0,57","0,02",3705,85,"-1,27","0,03",50,"1,7",M1.0
229081889,C10,"12,22","5,52","0,07","0,52","0,02","0,54","0,02",3631,88,"-1,35","0,03","48,4","1,7",M1.5
229122988,C10,"12,3","5,43","0,06","0,54","0,02","0,56","0,01",3664,84,"-1,31","0,03","50,1","1,5",M1.5
229149393,C10,"11,41","4,55","0,09","0,7","0,03","0,71","0,02",4006,92,"-0,91","0,04","63,4","2,8",K7.0
223636719,C11,"10,56","4,89","0,04","0,63","0,02","0,65","0,01",3854,84,"-1,06","0,02","33,2","0,7",M0.0
224945540,C11,"13,37","6,15","0,05","0,42","0,01","0,44","0,01",3453,81,"-1,62","0,02","40,2",1,M2.5
225420708,C11,"10,3","5,03","1,52","0,6","0,29","0,63","0,22",3840,841,"-1,13","0,62","26,6","18,7",M0.5
226240066,C11,"12,54","6,48","0,05","0,38","0,01","0,39","0,01",3379,80,"-1,77","0,03","31,5","0,8",M3.0
229432919,C11,"11,05","4,58","0,06","0,69","0,02","0,7","0,02",3940,92,"-0,92","0,03","52,5","1,6",K7.0
230510723,C11,"11,79","5,54","0,05","0,52","0,02","0,54","0,01",3619,82,"-1,35","0,03","39,2",1,M1.5
230751558,C11,"12,65","6,04","0,06","0,44","0,02","0,46","0,01",3478,80,"-1,57","0,03","31,8",1,M2.5
231116934,C11,12,"5,27","0,05","0,56","0,02","0,59","0,01",3748,82,"-1,23","0,03","51,4","1,3",M1.0
231179480,C11,"10,48","4,75","0,07","0,66","0,02","0,68","0,02",3924,88,-1,"0,03","35,3","1,3",M0.0
231875643,C11,"12,38","6,85","0,05","0,33","0,01","0,33","0,01",3322,81,"-1,93","0,02","22,4","0,5",M3.5
232017621,C11,"13,18","7,45","0,05","0,26","0,01","0,26","0,01",3209,80,"-2,19","0,02","20,8","0,5",M4.5
232097582,C11,"11,15","6,18","0,21","0,42","0,03","0,43","0,03",3486,98,"-1,64","0,08","23,3","2,2",M2.5
233488533,C11,"12,95","7,29","0,05","0,28","0,01","0,28","0,01",3233,81,"-2,12","0,02","21,2","0,6",M4.5
234562190,C11,"9,6","5,25","0,07","0,57","0,02","0,59","0,02",3745,98,"-1,23","0,03","17,7","0,8",M1.0
234698848,C11,"11,46","3,3","0,13","0,97","0,04","0,89","0,02",4752,140,"-0,32","0,05","150,6",9,K5.0
235067510,C11,"12,12","6,11","0,13","0,43","0,02","0,45","0,02",3465,86,"-1,61","0,05","32,5",2,M2.5
235070897,C11,"11,06","4,55","0,06","0,7","0,02","0,71","0,02",3949,88,"-0,9","0,03",53,"1,6",K7.0
236285338,C11,"12,35","6,5","0,06","0,37","0,01","0,38","0,01",3392,82,"-1,78","0,03",27,"0,8",M3.0
236305079,C11,"11,33","5,22","0,06","0,57","0,02","0,6","0,01",3776,84,"-1,21","0,03","34,6","0,9",M1.0
236469315,C11,"11,41","5,67","0,15","0,5","0,03","0,52","0,03",3536,100,"-1,41","0,06","29,8","2,1",M2.0
237853022,C11,"11,09","4,14","0,05","0,78","0,03","0,78","0,02",4186,91,"-0,71","0,03","71,5","1,9",K6.0
240451481,C11,"9,73","4,5","0,04","0,71","0,02","0,72","0,01",4026,83,"-0,88","0,02","28,6","0,6",K7.0
242219524,C11,"10,72","4,92","0,04","0,63","0,02","0,65","0,01",3864,82,"-1,08","0,02","29,4","0,7",M0.0
245919787,C12,"10,33","5,36","0,04","0,55","0,02","0,57","0,01",3733,84,"-1,27","0,02","17,4","0,4",M1.0
245983914,C12,"11,97","4,97","0,04","0,62","0,02","0,64","0,01",3807,82,"-1,1","0,02","62,8","1,4",M0.5
246043232,C12,"11,67","6,13","0,32","0,43","0,05","0,44","0,05",3502,113,"-1,61","0,13","32,1","4,7",M2.5
246048874,C12,"11,97","5,13","0,09","0,59","0,02","0,61","0,02",3761,86,"-1,17","0,04","60,2","2,5",M0.5
246069579,C12,"11,19","4,61","0,06","0,69","0,02","0,7","0,02",3964,83,"-0,93","0,03","54,7","1,5",K7.0
246159774,C12,"12,1","5,27","0,04","0,56","0,02","0,59","0,01",3696,80,"-1,23","0,02","54,6","1,2",M1.0
246175846,C12,"11,21","5,26","0,04","0,56","0,02","0,59","0,01",3749,87,"-1,23","0,02","34,7","0,8",M1.0
246215873,C12,12,"5,25","0,04","0,57","0,02","0,59","0,01",3713,80,"-1,23","0,02","51,8","1,2",M1.0
246226675,C12,"11,92","6,82","0,08","0,33","0,01","0,34","0,01",3330,83,"-1,91","0,03","24,7","0,9",M3.5
246253313,C12,"12,82","6,29","0,12","0,4","0,02","0,42","0,02",3477,83,"-1,69","0,05","33,9","1,8",M3.0
246338131,C12,"12,25","5,08","0,04","0,6","0,02","0,62","0,01",3819,80,"-1,15","0,02",62,"1,4",M0.5
210491860,C13,"11,6","5,12","0,04","0,59","0,02","0,61","0,01",3754,82,"-1,16","0,02","47,1",1,M0.5
210596446,C13,12,"5,56","0,09","0,51","0,02","0,54","0,02",3633,84,"-1,36","0,04","41,5","1,7",M1.5
210651981,C13,"11,25","5,92","0,07","0,46","0,02","0,48","0,02",3549,83,"-1,52","0,03","22,8","0,8",M2.5
210653579,C13,"11,23","4,81","0,07","0,65","0,02","0,67","0,02",3914,84,"-1,03","0,03","48,1","1,7",M0.0
210721261,C13,"12,35","6,24","0,09","0,41","0,02","0,42","0,02",3467,81,"-1,66","0,04","30,8","1,3",M3.0
210741091,C13,"11,98","5,31","0,05","0,56","0,02","0,58","0,01",3716,80,"-1,25","0,03","47,7","1,2",M1.0
210840804,C13,"12,91","6,65","0,12","0,35","0,02","0,36","0,02",3424,83,"-1,84","0,05","30,4","1,7",M3.5
210889984,C13,"11,11","4,29","0,07","0,75","0,03","0,75","0,02",4132,87,"-0,79","0,03","53,5","1,9",K7.0
210895913,C13,"12,3","6,58","0,09","0,36","0,02","0,37","0,02",3413,85,"-1,81","0,04","21,2","0,9",M3.5
210915518,C13,"12,54","5,8","0,09","0,47","0,02","0,5","0,02",3588,82,"-1,47","0,04","37,3","1,5",M2.0
246625561,C13,"12,11","6,22","0,15","0,41","0,02","0,43","0,02",3526,89,"-1,65","0,06","27,7","1,9",M3.0
246732310,C13,"11,05","4,92","0,09","0,63","0,02","0,65","0,02",3858,89,"-1,08","0,04","40,6","1,8",M0.0
246774176,C13,"11,49","6,26","0,05","0,41","0,01","0,42","0,01",3395,83,"-1,67","0,02","21,9","0,5",M3.0
246806983,C13,"11,27","5,27","0,19","0,56","0,04","0,59","0,03",3773,99,"-1,23","0,08","36,8","3,2",M1.0
246807434,C13,"12,17","6,3","0,05","0,4","0,01","0,42","0,01",3397,80,"-1,69","0,02","29,1","0,7",M3.0
246812637,C13,"12,41","6,06","0,07","0,44","0,02","0,45","0,01",3461,81,"-1,58","0,03","37,6","1,3",M2.5
246818597,C13,"8,29","6,57","0,27","0,36","0,04","0,37","0,04",3330,188,"-1,81","0,11","3,4","0,4",M3.5
246849411,C13,"11,41","4,95","0,06","0,62","0,02","0,64","0,02",3871,82,"-1,09","0,03","44,4","1,4",M0.5
246862801,C13,"11,7","5,13","0,05","0,59","0,02","0,61","0,01",3794,755,"-1,17","0,03","48,3","1,2",M0.5
246931087,C13,"10,44","4,91","0,07","0,63","0,02","0,65","0,02",3843,88,"-1,07","0,03","31,1",1,M0.0
247003390,C13,"11,81","4,51","0,04","0,7","0,02","0,72","0,01",4034,81,"-0,89","0,02","76,1","1,7",K7.0
247080522,C13,"12,53","6,64","0,05","0,35","0,01","0,36","0,01",3333,80,"-1,84","0,03","27,4","0,7",M3.5
247094343,C13,"12,39","5,97","0,05","0,45","0,01","0,47","0,01",3529,80,"-1,54","0,02","39,3","0,9",M2.5
247122957,C13,"12,62","6,34","0,05","0,39","0,01","0,41","0,01",3444,81,"-1,71","0,03","32,7","0,9",M3.0
247130198,C13,"9,08","5,95","0,07","0,45","0,02","0,47","0,01",3546,83,"-1,53","0,03","8,6","0,3",M2.5
247164626,C13,"12,62","6,08","0,07","0,43","0,02","0,45","0,01",3478,81,"-1,59","0,03","40,6","1,5",M2.5
247191714,C13,"11,78","5,14","0,04","0,59","0,02","0,61","0,01",3750,82,"-1,17","0,02","51,3","1,1",M0.5
247238215,C13,"11,17","5,48","0,06","0,53","0,02","0,55","0,01",3665,82,"-1,33","0,03","30,6","0,8",M1.5
247269565,C13,"11,22","5,97","0,06","0,45","0,02","0,47","0,01",3491,87,"-1,55","0,03","23,4","0,7",M2.5
247282522,C13,"10,53","4,32","0,05","0,74","0,02","0,75","0,02",4101,84,"-0,8","0,03","52,3","1,4",K7.0
247289039,C13,"12,73","6,47","0,09","0,38","0,02","0,39","0,02",3417,81,"-1,76","0,04","25,6","1,1",M3.0
247309641,C13,"13,5","7,93","0,13","0,22","0,01","0,21","0,01",3094,84,"-2,4","0,05",13,"0,8",M5.5
247325547,C13,"11,48","5,53","0,08","0,52","0,02","0,54","0,02",3674,84,"-1,35","0,04",27,1,M1.5
247449449,C13,"12,36","6,55","0,14","0,37","0,02","0,38","0,02",3418,86,"-1,8","0,06","26,5","1,7",M3.5
247476655,C13,"11,78","4,98","0,07","0,61","0,02","0,64","0,02",3862,83,"-1,1","0,03","55,2","1,9",M0.5
247514292,C13,"12,05","4,8","0,04","0,65","0,02","0,67","0,01",3918,82,"-1,02","0,02","72,5","1,6",M0.0
247592661,C13,"11,94","6,29","0,05","0,4","0,01","0,42","0,01",3488,81,"-1,68","0,02","26,2","0,6",M3.0
247640857,C13,"11,45","4,88","0,06","0,63","0,02","0,65","0,02",3862,93,"-1,06","0,03","52,1","1,6",M0.0
247657761,C13,"11,35","4,64","0,04","0,68","0,02","0,7","0,01",3939,84,"-0,95","0,02",59,"1,3",M0.0
247679710,C13,"12,34","5,43","0,1","0,54","0,02","0,56","0,02",3665,86,"-1,31","0,04","48,4","2,3",M1.5
247725508,C13,"11,97","4,89","0,05","0,63","0,02","0,65","0,01",3896,81,"-1,06","0,03","65,8","1,7",M0.0
247730793,C13,"11,17","4,74","0,06","0,66","0,02","0,68","0,02",3894,100,"-0,99","0,03","48,4","1,4",M0.0
247734588,C13,"13,11","6,88","0,09","0,32","0,01","0,33","0,01",3302,81,"-1,94","0,04","26,8","1,1",M4.0
247744104,C13,"11,51","5,1","0,07","0,59","0,02","0,62","0,02",3786,83,"-1,16","0,03",46,"1,6",M0.5
247827225,C13,"12,36","5,4","0,1","0,54","0,02","0,57","0,02",3679,84,"-1,29","0,04","54,9","2,6",M1.5
247867687,C13,"10,77","5,8","0,08","0,48","0,02","0,5","0,02",3552,84,"-1,47","0,04","19,1","0,7",M2.0
247905449,C13,"11,88","5,28","0,06","0,56","0,02","0,59","0,02",3736,83,"-1,24","0,03","44,4","1,3",M1.0
247909274,C13,"12,52","6,74","0,05","0,34","0,01","0,35","0,01",3321,79,"-1,88","0,02","25,9","0,6",M3.5
247969864,C13,"11,15","4,44","0,04","0,72","0,02","0,73","0,01",4026,81,"-0,85","0,02","61,2","1,3",K7.0
247983269,C13,"12,58","6,1","0,05","0,43","0,01","0,45","0,01",3540,80,"-1,6","0,02","39,1","0,9",M2.5
247988033,C13,"12,08","4,82","0,06","0,65","0,02","0,66","0,02",3891,83,"-1,03","0,03","72,6","2,2",M0.0
248030935,C13,"10,38","4,89","0,05","0,63","0,02","0,65","0,01",3844,81,"-1,06","0,03","30,2","0,8",M0.0
248042336,C13,"11,81","6,16","0,05","0,42","0,01","0,44","0,01",3435,83,"-1,63","0,02","26,9","0,7",M2.5
201497396,C14,"10,1","4,43","0,04","0,72","0,02","0,73","0,01",4032,85,"-0,85","0,02","38,2","0,8",K7.0
201501470,C14,"12,61","7,37","0,06","0,27","0,01","0,27","0,01",3231,87,"-2,16","0,03","16,9","0,5",M4.5
201661761,C14,"12,89","7,26","0,1","0,28","0,01","0,28","0,01",3160,83,"-2,11","0,04","21,3",1,M4.5
201703096,C14,"12,01","5,06","0,06","0,6","0,02","0,62","0,02",3767,83,"-1,14","0,03","57,5","1,7",M0.5
201705990,C14,"12,04","6,14","0,12","0,42","0,02","0,44","0,02",3496,91,"-1,62","0,05","28,6","1,6",M2.5
201820874,C14,"12,14","5,04","0,05","0,6","0,02","0,63","0,01",3797,81,"-1,13","0,03","62,5","1,6",M0.5
248425357,C14,"12,04","4,65","0,06","0,68","0,02","0,69","0,02",3998,85,"-0,95","0,03","77,4","2,3",M0.0
248432941,C14,"8,77","5,92","0,13","0,46","0,02","0,48","0,02",3505,86,"-1,52","0,05","7,6","0,5",M2.5
248453031,C14,"11,07","5,13","0,07","0,59","0,02","0,61","0,02",3759,89,"-1,17","0,03","36,3","1,3",M0.5
248468115,C14,"11,87","5,09","0,06","0,59","0,02","0,62","0,02",3790,82,"-1,15","0,03",54,"1,6",M0.5
248473036,C14,"12,55","6,25","0,05","0,41","0,01","0,42","0,01",3455,81,"-1,67","0,03",35,"0,9",M3.0
248504645,C14,"11,82","5,12","0,07","0,59","0,02","0,61","0,02",3745,87,"-1,17","0,03","50,3","1,8",M0.5
248505702,C14,"10,89","5,78","0,05","0,48","0,02","0,5","0,01",3598,84,"-1,46","0,03","21,7","0,6",M2.0
248601792,C14,"13,34","8,17","0,08","0,2","0,01","0,19","0,01",3038,80,"-2,5","0,03","14,3","0,5",M5.5
248637069,C14,"10,44","7,23","0,08","0,29","0,01","0,29","0,01",3257,87,"-2,09","0,03","6,7","0,2",M4.5
248664460,C14,"11,82","5,08","0,06","0,6","0,02","0,62","0,02",3789,89,"-1,15","0,03","53,1","1,6",M0.5
248698478,C14,"11,49","4,86","0,05","0,64","0,02","0,66","0,01",3940,85,"-1,05","0,03","53,4","1,3",M0.0
248759329,C14,"12,36","6,81","0,06","0,33","0,01","0,34","0,01",3327,82,"-1,91","0,03","22,7","0,7",M3.5
248775337,C14,"12,71","6,73","0,05","0,34","0,01","0,35","0,01",3303,80,"-1,88","0,03","28,1","0,7",M3.5
248804846,C14,"11,13","4,09","0,05","0,79","0,03","0,78","0,02",4180,84,"-0,69","0,02","76,3","1,9",K6.0
248826058,C14,"12,31","6,15","0,05","0,42","0,01","0,44","0,01",3437,80,"-1,62","0,03","34,1","0,9",M2.5
248849485,C14,"11,8","4,69","0,06","0,67","0,02","0,69","0,02",3912,83,"-0,97","0,03","68,6",2,M0.0
248856749,C14,"12,27","5,82","0,09","0,47","0,02","0,49","0,02",3539,83,"-1,48","0,04","40,3","1,7",M2.0
248857979,C14,"10,96","4,68","0,06","0,67","0,02","0,69","0,02",3943,90,"-0,97","0,03","47,1","1,4",M0.0
248870284,C14,"12,34","6,83","0,06","0,33","0,01","0,34","0,01",3354,80,"-1,92","0,03","22,1","0,7",M3.5
249101965,C15,"12,52","6,76","0,06","0,34","0,01","0,35","0,01",3374,85,"-1,89","0,03",25,"0,7",M3.5
249186244,C15,"12,41","6,04","0,05","0,44","0,01","0,46","0,01",3458,80,"-1,57","0,03","39,3",1,M2.5
249328859,C15,"10,93","5,19","0,06","0,58","0,02","0,6","0,01",3711,86,"-1,2","0,03","33,6","0,9",M1.0
249338840,C15,"10,99","5,7","0,06","0,49","0,02","0,51","0,01",3590,82,"-1,42","0,03","24,4","0,7",M2.0
249591902,C15,"12,4","5,48","0,06","0,53","0,02","0,55","0,01",3633,83,"-1,33","0,03","54,1","1,6",M1.5
249655888,C15,"11,55","4,79","0,13","0,65","0,03","0,67","0,03",3912,99,"-1,02","0,05","56,8","3,4",M0.0
249677429,C15,"12,15","6,48","0,06","0,38","0,01","0,39","0,01",3436,83,"-1,77","0,03",25,"0,7",M3.0
249680584,C15,"12,62","6,42","0,06","0,38","0,01","0,4","0,01",3352,83,"-1,74","0,03","34,4","1,1",M3.0
249681555,C15,"11,94","6,55","0,05","0,37","0,01","0,38","0,01",3317,82,"-1,8","0,02","13,3","0,3",M3.5
249860217,C15,"10,89","5,68","0,09","0,49","0,02","0,52","0,02",3641,84,"-1,42","0,04","23,4",1,M2.0
249899499,C15,"11,96","5,02","0,06","0,61","0,02","0,63","0,01",3767,84,"-1,12","0,03","59,8","1,7",M0.5
250022000,C15,"11,77","4,96","0,06","0,62","0,02","0,64","0,02",3831,85,"-1,09","0,03","58,4","1,7",M0.5
250034723,C15,"11,06","4,51","0,04","0,71","0,02","0,72","0,01",4027,85,"-0,89","0,02","54,7","1,2",K7.0
250053801,C15,"12,03","4,96","0,07","0,62","0,02","0,64","0,02",3854,85,"-1,09","0,03","62,8","2,2",M0.5
250072828,C15,"12,16","5,61","0,09","0,51","0,02","0,53","0,02",3610,84,"-1,38","0,04","43,5","1,9",M2.0
250111823,C15,"11,51","7,1","0,09","0,3","0,01","0,3","0,01",3247,84,"-2,04","0,04","12,4","0,5",M4.0
250122612,C15,"11,3","4,28","0,04","0,75","0,02","0,75","0,02",4135,83,"-0,78","0,02","70,2","1,5",K7.0
211400445,C16,"9,8","5,59","0,07","0,51","0,02","0,53","0,02",3563,83,"-1,37","0,03","15,1","0,5",M1.5
211456957,C16,"10,44","4,56","0,06","0,7","0,02","0,71","0,02",3994,83,"-0,91","0,03","40,6","1,2",K7.0
211467243,C16,"13,04","8,02","0,09","0,21","0,01","0,2","0,01",3064,81,"-2,44","0,04","13,7","0,6",M5.5
211489708,C16,"11,53","5,79","0,07","0,48","0,02","0,5","0,02",3592,86,"-1,46","0,03","28,6",1,M2.0
211516815,C16,"12,06","4,98","0,05","0,61","0,02","0,64","0,01",3802,81,"-1,1","0,03","63,8","1,6",M0.5
211616023,C16,"10,78","4,78","0,06","0,65","0,02","0,67","0,02",3945,97,"-1,01","0,03","39,9","1,2",M0.0
211630934,C16,"10,38","4,93","0,06","0,62","0,02","0,65","0,02",3840,83,"-1,08","0,03","30,3","0,9",M0.0
211736506,C16,"10,84","9,46","0,26","0,13","0,01","0,15",0,2848,135,"-3,05","0,1","6,1","0,8",M7.5
211832386,C16,"12,71","7,06","0,09","0,3","0,01","0,31","0,01",3284,81,"-2,02","0,04","22,1","0,9",M4.0
211857745,C16,"10,69","5,48","0,06","0,53","0,02","0,55","0,01",3612,82,"-1,33","0,03","25,7","0,8",M1.5
211864396,C16,"11,89","6,81","0,06","0,33","0,01","0,34","0,01",3345,82,"-1,91","0,03",18,"0,6",M3.5
211890761,C16,"11,64","4,43","0,04","0,72","0,02","0,73","0,01",4039,81,"-0,85","0,02","76,5","1,7",K7.0
211892034,C16,"11,58","6,03","0,07","0,44","0,02","0,46","0,01",3459,88,"-1,57","0,03","26,4","0,9",M2.5
212038542,C16,"11,4","4,54","0,07","0,7","0,02","0,71","0,02",4033,87,"-0,9","0,03","62,7","2,2",K7.0
212093841,C16,"12,02","6,18","0,16","0,42","0,03","0,43","0,03",3490,91,"-1,64","0,07","29,8","2,2",M2.5
251282832,C16,"12,47","6,54","0,06","0,37","0,01","0,38","0,01",3404,83,"-1,79","0,03","27,5","0,8",M3.0
251341401,C16,"11,49","4,84","0,14","0,64","0,03","0,66","0,03",3882,98,"-1,04","0,06","53,3","3,6",M0.0
212405060,C17,"12,5","6,45","0,06","0,38","0,01","0,39","0,01",3427,80,"-1,75","0,03",29,"0,9",M3.0
212424143,C17,"12,01","6,76","0,08","0,34","0,01","0,35","0,01",3351,87,"-1,89","0,03","19,4","0,7",M3.5
212438743,C17,"11,06","5,07","0,05","0,6","0,02","0,62","0,01",3775,82,"-1,14","0,03","39,5",1,M0.5
212518629,C17,"12,46","6,89","0,06","0,32","0,01","0,33","0,01",3302,80,"-1,95","0,03","22,4","0,7",M4.0
212518679,C17,"12,16","5,11","0,08","0,59","0,02","0,61","0,02",3806,87,"-1,16","0,04","59,2","2,3",M0.5
212556566,C17,"12,86","7,49","0,06","0,26","0,01","0,25","0,01",3204,82,"-2,21","0,03","18,4","0,6",M4.5
212560714,C17,"11,27","4,74","0,06","0,66","0,02","0,68","0,02",3906,93,"-0,99","0,03","52,1","1,5",M0.0
212578572,C17,"12,06","4,68","0,09","0,67","0,03","0,69","0,02",3961,87,"-0,97","0,04",79,"3,2",M0.0
212610229,C17,"11,75","6,38","0,06","0,39","0,01","0,4","0,01",3394,81,"-1,72","0,03","30,9","0,9",M3.0
212611828,C17,"12,85","6,56","0,09","0,37","0,02","0,38","0,02",3343,84,"-1,8","0,04","32,4","1,5",M3.5
212652474,C17,12,"4,77","0,07","0,66","0,02","0,67","0,02",3907,87,-1,"0,03","71,3","2,4",M0.0
212662886,C17,"11,66","5,4","0,06","0,54","0,02","0,56","0,01",3717,89,"-1,29","0,03",40,"1,2",M1.5
212663959,C17,"12,23","6,46","0,05","0,38","0,01","0,39","0,01",3361,81,"-1,76","0,03","27,7","0,8",M3.0
212679181,C17,"12,01","5,94","0,08","0,45","0,02","0,47","0,02",3512,84,"-1,53","0,04","33,8","1,3",M2.5
212681560,C17,"11,91","6,27","0,05","0,4","0,01","0,42","0,01",3443,83,"-1,68","0,03","26,7","0,7",M3.0
212681564,C17,"11,82","8,69","0,31","0,16","0,02","0,16","0,01",2942,97,"-2,72","0,13","10,3","1,5",M6.5
212710520,C17,"11,72","4,84","0,07","0,64","0,02","0,66","0,02",3914,87,"-1,04","0,03","60,2",2,M0.0
212712577,C17,"10,86","4,68","0,05","0,67","0,02","0,69","0,01",3933,88,"-0,96","0,02","44,3","1,2",M0.0
212712579,C17,"10,88","4,68","0,05","0,67","0,02","0,69","0,02",3933,87,"-0,96","0,02","44,3","1,2",M0.0
212734783,C17,"11,6","6,34","0,13","0,4","0,02","0,41","0,02",3415,87,"-1,71","0,05",21,"1,3",M3.0
212776174,C17,"10,03","4,87","0,04","0,64","0,02","0,66","0,01",3855,87,"-1,05","0,02","27,4","0,7",M0.0
212807182,C17,"12,23","5,61","0,09","0,51","0,02","0,53","0,02",3583,83,"-1,39","0,04","46,7","1,9",M2.0
212810669,C17,"12,54","6,24","0,08","0,41","0,02","0,43","0,02",3445,84,"-1,66","0,04","35,9","1,5",M3.0
212840848,C17,"8,91","4,76","0,09","0,66","0,03","0,68","0,02",3919,99,-1,"0,04",18,"0,7",M0.0
212846068,C17,"11,24","5,09","0,09","0,6","0,02","0,62","0,02",3813,88,"-1,15","0,04",40,"1,8",M0.5
212874829,C17,"11,85","5,28","0,09","0,56","0,02","0,59","0,02",3742,88,"-1,24","0,04","47,8",2,M1.0
251512053,C17,"10,65","4,98","0,06","0,61","0,02","0,64","0,02",3870,85,"-1,1","0,03","32,3",1,M0.5
251540467,C17,"11,49","5,09","0,07","0,59","0,02","0,62","0,02",3817,91,"-1,15","0,03","43,4","1,5",M0.5
251550724,C17,"10,16","6,26","0,05","0,41","0,01","0,42","0,01",3448,86,"-1,67","0,03","11,8","0,3",M3.0
251567386,C17,"12,31","5,84","0,2","0,47","0,03","0,49","0,04",3570,94,"-1,49","0,08",41,"3,9",M2.0
251583820,C17,"12,44","6,42","0,08","0,38","0,02","0,4","0,01",3400,81,"-1,74","0,03","29,6","1,1",M3.0
251584738,C17,"10,91","5,42","0,06","0,54","0,02","0,56","0,01",3660,84,"-1,3","0,03","26,4","0,8",M1.5
211364964,C18,"12,01","4,62","0,07","0,68","0,02","0,7","0,02",3956,86,"-0,94","0,03","79,7","2,9",M0.0
211385897,C18,"11,67","4,6","0,05","0,69","0,02","0,7","0,02",3958,82,"-0,93","0,02","67,9","1,8",K7.0
211427097,C18,"11,73","4,05","0,19","0,8","0,05","0,79","0,03",4263,136,"-0,67","0,08","104,6","9,1",K6.0
211480655,C18,"12,21","6,89","0,15","0,32","0,02","0,33","0,02",3320,88,"-1,95","0,06","19,6","1,3",M4.0
211481688,C18,"11,81","4,76","0,33","0,66","0,07","0,67","0,06",3893,156,-1,"0,13","66,7",10,M0.0
211498244,C18,"11,88","5,32","0,06","0,55","0,02","0,58","0,01",3679,82,"-1,26","0,03","46,2","1,4",M1.0
211599658,C18,"12,02","5,44","0,1","0,53","0,02","0,56","0,02",3683,84,"-1,31","0,04",46,"2,2",M1.5
211642294,C18,"10,79","6,2","0,09","0,41","0,02","0,43","0,02",3422,88,"-1,65","0,04","16,7","0,7",M2.5
211788733,C18,"11,95","5,02","0,12","0,61","0,03","0,63","0,02",3785,88,"-1,12","0,05","60,1","3,2",M0.5
211845940,C18,"11,87","5,51","0,07","0,52","0,02","0,55","0,02",3643,84,"-1,34","0,03","40,5","1,4",M1.5
211889233,C18,"11,59","4,91","0,05","0,63","0,02","0,65","0,01",3883,81,"-1,07","0,03",53,"1,3",M0.0
211944670,C18,"10,55","7,11","0,08","0,3","0,01","0,3","0,01",3282,80,"-2,04","0,03","7,9","0,3",M4.0
211944676,C18,"9,9","7,11","0,08","0,3","0,01","0,3","0,01",3282,80,"-2,04","0,03","7,9","0,3",M4.0
211944856,C18,"11,02","9,25","0,31","0,13","0,01","0,15","0,01",2869,93,"-2,96","0,13","4,9","0,7",M7.5
211945363,C18,"12,35","6,73","0,06","0,34","0,01","0,35","0,01",3334,81,"-1,88","0,03","23,7","0,7",M3.5
211992989,C18,"12,8","6,2","0,05","0,41","0,01","0,43","0,01",3411,79,"-1,65","0,02","31,3","0,7",M2.5
212162615,C18,"12,61","6,47","0,06","0,38","0,01","0,39","0,01",3451,80,"-1,76","0,03","28,2","0,9",M3.0
212171836,C18,"11,65","5,43","0,08","0,53","0,02","0,56","0,02",3694,90,"-1,31","0,04","38,9","1,6",M1.5
246001292,C19,"11,86","4,26","0,05","0,76","0,02","0,76","0,02",4156,85,"-0,77","0,03","91,9","2,5",K7.0
246033148,C19,"12,17","7,14","0,07","0,29","0,01","0,3","0,01",3269,82,"-2,05","0,03",25,"0,9",M4.0
246079058,C19,"12,05","5,06","0,04","0,6","0,02","0,62","0,01",3820,80,"-1,14","0,02","57,2","1,3",M0.5
246093819,C19,"12,28","6,32","0,05","0,4","0,01","0,41","0,01",3457,80,"-1,7","0,02","28,7","0,7",M3.0
246132735,C19,"13,1","7,68","0,05","0,24","0,01","0,23","0,01",3186,80,"-2,29","0,02","17,6","0,4",M5.0
246141580,C19,"12,17","6,11","0,05","0,43","0,01","0,45","0,01",3470,80,"-1,61","0,02","32,2","0,7",M2.5
246179278,C19,"12,52","6,48","0,09","0,38","0,02","0,39","0,02",3418,81,"-1,77","0,04","28,8","1,2",M3.0
246182783,C19,"12,33","5,55","0,04","0,52","0,02","0,54","0,01",3605,81,"-1,36","0,02","49,9","1,1",M1.5
246191912,C19,"12,51","6,73","0,05","0,34","0,01","0,35","0,01",3363,80,"-1,88","0,02","24,7","0,6",M3.5
246238886,C19,"9,91","5,2","0,04","0,58","0,02","0,6","0,01",3769,84,"-1,2","0,02","20,3","0,5",M1.0
246301900,C19,"10,81","4,67","0,06","0,67","0,02","0,69","0,02",3932,90,"-0,96","0,03","44,9","1,4",M0.0
246310210,C19,"12,39","5,58","0,04","0,51","0,02","0,53","0,01",3631,80,"-1,37","0,02","50,4","1,1",M1.5
246333864,C19,"11,67","8,98","0,09","0,15","0,01","0,15",0,2956,82,"-2,85","0,04","6,9","0,3",M7.0
246364217,C19,"12,44","7,17","0,05","0,29","0,01","0,29","0,01",3236,81,"-2,07","0,02","18,4","0,4",M4.0
246374497,C19,"10,98","5,25","0,06","0,57","0,02","0,59","0,01",3692,85,"-1,22","0,03","32,7","0,9",M1.0
246378594,C19,"12,71","6,76","0,05","0,34","0,01","0,35","0,01",3360,81,"-1,89","0,02","26,9","0,6",M3.5
246379501,C19,"11,66","4,76","0,21","0,66","0,04","0,67","0,04",3966,122,-1,"0,08","55,4","5,3",M0.0
246419402,C19,"11,83","5,41","0,04","0,54","0,02","0,56","0,01",3611,81,"-1,3","0,02","42,9",1,M1.5
246424810,C19,"12,2","5,83","0,06","0,47","0,02","0,49","0,01",3589,82,"-1,48","0,03","38,2","1,1",M2.0
246446811,C19,"12,21","6,47","0,05","0,38","0,01","0,39","0,01",3390,81,"-1,76","0,03","25,7","0,7",M3.0
246461560,C19,"11,29","5,27","0,06","0,56","0,02","0,59","0,01",3725,86,"-1,23","0,03","37,1",1,M1.0
251718998,C19,"11,76","5,05","0,04","0,6","0,02","0,63","0,01",3868,91,"-1,13","0,02","51,5","1,1",M0.5
251728337,C19,"10,36","4,51","0,04","0,71","0,02","0,72","0,01",4031,83,"-0,89","0,02",40,"0,9",K7.0
